reg_no,first_name,last_name,nationality,number,date_of_birth
TR-000001,Patricia,Bradley,Honduras,123456789012345,20-02-89
TR-000002,Alexander,Klein,Cambodia,987654321098765,11-05-95
TR-000003,Kimberly,Smith,Sierra Leone,112233445566778,20-01-85
TR-000004,Adrienne,Collins,Croatia,889900112233445,23-02-99
TR-000005,Curtis,Webb,Puerto Rico,555666777888990,06-12-83
TR-000006,Corey,Woods,Montenegro,234567890123456,23-09-68
TR-000007,Miguel,Phillips,Niger,765432109876543,12-12-61
TR-000008,Tiffany,Robles,Netherlands Antilles,901234567890123,26-02-75
TR-000009,Rebecca,Wong,Lithuania,345678901234567,22-03-87
TR-000010,Penny,Jones,Germany,654321098765432,18-11-04
TR-000011,John,Johnson,Comoros,102938475610293,08-03-63
TR-000012,Lisa,Mills,Canada,876543210987654,18-01-87
TR-000013,Ruth,Wood,Italy,213456789012345,07-03-06
TR-000014,Aaron,Carlson,Benin,789012345678901,03-10-59
TR-000015,Jerry,Stone,Egypt,324567890123456,03-05-03
TR-000016,Kristy,Smith,Armenia,678901234567890,01-09-86
TR-000017,Kevin,Parker,South Georgia and the South Sandwich Islands,435678901234567,15-04-93
TR-000018,Caleb,Winters,Dominican Republic,567890123456789,14-01-01
TR-000019,Ryan,Wise,United Arab Emirates,543210987654321,01-11-97
TR-000020,Valerie,Hamilton,Grenada,456789012345678,29-06-58
TR-000021,Joseph,Jones,Italy,657483920192837,16-11-05
TR-000022,Krista,Fisher,Israel,192837465039281,26-11-06
TR-000023,Matthew,Williams,Mayotte,736495821047362,30-01-87
TR-000024,Trevor,Nunez,Panama,204736581936475,11-07-94
TR-000025,Steven,Chung,South Africa,819364750285947,12-02-59
TR-000026,Kim,Roberts,Honduras,392857461058392,04-08-70
TR-000027,Aaron,Barnett,Barbados,947582936104758,07-08-74
TR-000028,Whitney,Davis,Palestinian Territory,461058392746105,04-07-66
TR-000029,Kathryn,Hill,Singapore,583927461058392,17-03-77
TR-000030,Kevin,Gregory,India,19283746503928,11-10-61
TR-000031,Chris,Carter,Cuba,726354819027364,07-04-94
TR-000032,Krista,Vasquez,Congo,293847561092837,16-11-03
TR-000033,Gloria,Bennett,United Arab Emirates,865947201385946,31-07-97
TR-000034,Robert,Stein,Slovenia,309274651839274,19-06-70
TR-000035,William,Estes,Saint Barthelemy,918463720591846,25-12-03
TR-000036,Amber,Ward,Madagascar,472958361047295,23-09-62
TR-000037,Holly,Smith,Macedonia,503817294650381,27-11-67
TR-000038,Joann,Harrington,New Caledonia,639185270463918,29-10-81
TR-000039,Angela,Anderson,Guinea,147258369014725,08-05-82
TR-000040,Deanna,Greene,Wallis and Futuna,753692180475369,31-12-76
TR-000041,Jason,Roman,Uzbekistan,284759630128475,10-07-04
TR-000042,Tiffany,Davis,Saint Kitts and Nevis,895647301985647,09-06-72
TR-000043,Sharon,Galloway,Denmark,316728940531672,21-05-76
TR-000044,Amy,Brown,Brazil,927839450692783,14-10-71
TR-000045,James,Jefferson,Gabon,483950617248395,03-10-64
TR-000046,Amber,Joyce,Papua New Guinea,519062738451906,15-09-69
TR-000047,Kevin,Lopez,Angola,640173849564017,23-11-88
TR-000048,Julia,Moreno,Denmark,172849506317284,13-06-90
TR-000049,Kevin,Hunt,San Marino,783950614278395,10-10-65
TR-000050,Debbie,Garcia,Argentina,556504124963257,01-04-86
